<?xml version="1.0" encoding="UTF-8"?>
<beans:beans
	xmlns="http://www.springframework.org/schema/security"
	xmlns:beans="http://www.springframework.org/schema/beans"
	xmlns:xsi="http://www.w3.org/2001/XMLSchema-instance"
	xsi:schemaLocation="http://www.springframework.org/schema/beans http://www.springframework.org/schema/beans/spring-beans-3.0.xsd http://www.springframework.org/schema/security http://www.springframework.org/schema/security/spring-security-3.1.xsd">
	<http auto-config='true' use-expressions="true">
		<intercept-url pattern="/resources/**"
			access="permitAll" />
		<intercept-url pattern="/user/login/**" access="permitAll" />
		<intercept-url pattern="/user/userlist/**"
			access="hasRole('ROLE_ADMIN')" />
		<form-login login-page="/user/admin"
			login-processing-url="/login.do"
			authentication-failure-url="/user/login?err=true"
			default-target-url="/" username-parameter="adminid"
			password-parameter="adminpw" />
		<session-management>
			<concurrency-control max-sessions="1"
				expired-url="/" />
		</session-management>
		<access-denied-handler
			error-page="/user/denied" />
	</http>


	<authentication-manager>
		<authentication-provider>
			<user-service>
				<user name="admin" password="1234"
					authorities="ROLE_USER, ROLE_ADMIN" />
				<user name="guest" password="1234" authorities="ROLE_USER" />
			</user-service>
		</authentication-provider>
	</authentication-manager>
</beans:beans>

