<?xml version="1.0" encoding="UTF-8"?>

<!DOCTYPE mapper
    PUBLIC "-//mybatis.org//DTD Mapper 3.0//EN"
    "http://mybatis.org/dtd/mybatis-3-mapper.dtd">

<mapper namespace="com.recipe.project06.mapper.BoardMapper">

	<select id="getList"
		resultType="com.recipe.project06.entity.Board">
		select * from board where b_num>0
	</select>

	<sql id="search">
		<where>
			<if test="word!=null and field =='writer'">
				b_writer like CONCAT('%',#{word},'%')
			</if>
			<if test="word!=null and field =='title'">
				b_title like CONCAT('%',#{word},'%')
			</if>
			<if test="word!=null and field =='content'">
				b_content like CONCAT('%',#{word},'%')
			</if>
			<if test="word!=null and field =='cwt'">
				b_writer like CONCAT('%',#{word},'%')
				or
				b_title like
				CONCAT('%',#{word},'%')
				or
				b_content like CONCAT('%',#{word},'%')
			</if>
		</where>
	</sql>

	<select id="findPage"
		resultType="com.recipe.project06.entity.Board">
		select * from board where b_num>0 order by b_num desc limit
		#{pageStart},#{pageSize}
	</select>

	<select id="findAll"
		resultType="com.recipe.project06.entity.Board">
		select * from board
		<include refid="search" />
		order by b_num desc limit #{pageStart},#{pageSize}
	</select>

	<select id="boardCount" resultType="int">
		select count(*) from board
		<include refid="search" />
	</select>
	<update id="hitCount">
		update board set b_count=b_count+1 where
		b_num=#{b_num}
	</update>

	<insert id="insertSelectKey">
		<selectKey keyProperty="b_num" resultType="int"
			order="BEFORE">
			select max(b_num) + 1 from board
		</selectKey>
		insert into board(b_num, b_title, b_content, b_writer)
		values(#{b_num}, #{b_title},#{b_content},#{b_writer})
	</insert>

	<select id="read"
		resultType="com.recipe.project06.entity.Board">
		select * from board where b_num=#{b_num}
	</select>

	<update id="update">
		update board
		set b_title=#{b_title}, b_content=#{b_content}, b_writer=#{b_writer},
		b_updatedate=now()
		where b_num=#{b_num}
	</update>

	<delete id="delete">
		delete from board where b_num=#{b_num}
	</delete>

	<update id="replyCountUpdate">
		update board set b_replycount = b_replycount +
		#{amount} where b_num=#{b_num}
	</update>
</mapper> 