<?xml version="1.0" encoding="UTF-8"?>

<!DOCTYPE mapper
    PUBLIC "-//mybatis.org//DTD Mapper 3.0//EN"
    "http://mybatis.org/dtd/mybatis-3-mapper.dtd">

<mapper namespace="com.recipe.project06.mapper.UserMapper">
	<sql id="search">
		<where>
			<if test="word!=null and field =='user_id'">
				user_id like CONCAT('%',#{word},'%')
			</if>
			<if test="word!=null and field =='user_pass'">
				user_pass like CONCAT('%',#{word},'%')
			</if>
			<if test="word!=null and field =='user_email'">
				user_email like CONCAT('%',#{word},'%')
			</if>
			<if test="word!=null and field =='user_name'">
				user_name like CONCAT('%',#{word},'%')
			</if>
		</where>
	</sql>
	<!-- 회원가입 -->
	<insert id="join">
		insert into
		user_master(user_id,user_pass,user_email,user_name, addr1, addr2, addr3)
		values(#{user_id},#{user_pass},#{user_email},#{user_name}, #{addr1}, #{addr2}, #{addr3})
	</insert>
	<!-- 아디중복체크 -->
	<select id="idCheck" resultType="int">
		select count(*) from user_master
		where user_id=#{user_id}
	</select>
	<!-- 로그인처리 -->
	<select id="loginCheck"
		resultType="com.recipe.project06.entity.User_Master">
		select * from user_master where user_id=#{user_id}
	</select>
	<select id="findAll"
		resultType="com.recipe.project06.entity.User_Master">
		select * from user_master
		<include refid="search" />
		limit #{pageStart},#{pageSize}
	</select>
	<select id="userCount" resultType="int">
		select count(*) from user_master
		<include refid="search" />
	</select>
	<select id="read" resultType="com.recipe.project06.entity.User_Master">
		select * from user_master where
		user_id=#{user_id}
	</select>
	<update id="modify"> 
		update user_master set user_pass=#{user_pass},
		user_email=#{user_email}, user_name=#{user_name} where user_id=#{user_id}
	</update>
	<delete id="delete">
		delete from user_master where user_id=#{user_id}
	</delete>

</mapper>